Designator,Footprint,Quantity,Value,LCSC Part #
BT1,BatteryHolder_Keystone_1058_1x2032,1,Battery_Cell,C547056
C1,603,1,.1u,C14663
"D2, D4",603,2,LED,C3028839
J1,JST_SH_SM03B-SRSS-TB_1x03-1MP_P1.00mm_Horizontal,1,BSX_I2C,C160403 
J2,JST_SH_SM03B-SRSS-TB_1x03-1MP_P1.00mm_Horizontal,1,PWR,C160403 
J3,JST_SH_SM03B-SRSS-TB_1x03-1MP_P1.00mm_Horizontal,1,I2C_OUT,C160403 
"R1, R2, R6, R7",603,4,470R,C384220 
SW1,SW-SMD_L3.9-W3.0-P4.45,1,TEST,C455280 
"TP1, TP6",TestPoint_Pad_1.0x1.0mm,2,GND,
TP2,TestPoint_Pad_1.0x1.0mm,1,SDA,
TP3,TestPoint_Pad_1.0x1.0mm,1,SCL,
TP4,TestPoint_Pad_1.0x1.0mm,1,5V,
TP5,TestPoint_Pad_1.0x1.0mm,1,3.3V,
U1,SOIC-8_3.9x4.9mm_P1.27mm,1,DS3231MZ,C107410 
U2,SOT-23-3,1,XC6206PxxxMR,C5250985 
"D1, D3",603,2,LED,C401116
