Designator,Mid X,Mid Y,Rotation,Layer
BT1,133.78,-84.275,0.0,top
C1,137.95,-106.75,90.0,top
D1,123.405,-96.46,180.0,top
D2,122.837501,-95.0,180.0,top
D3,124.09,-97.92,180.0,top
D4,133.28,-101.1,180.0,top
FID1,115.43,-77.64,0.0,top
J1,117.2,-101.3,270.0,top
J2,143.8,-105.25,0.0,top
J3,124.025,-105.275,0.0,top
R1,119.877501,-95.0,0.0,top
R2,130.325,-101.1,180.0,top
R6,121.13,-97.92,0.0,top
R7,120.445,-96.46,0.0,top
SW1,116.6,-93.05,90.0,top
U1,131.725,-105.345,90.0,top
U2,137.95,-103.57,180.0,top
